<?xml version="1.0" encoding="utf-8"?>
<SoundBanksInfo Platform="Windows" BasePlatform="Windows" SchemaVersion="16" SoundBankVersion="145">
	<RootPaths>
		<ProjectRoot>../..</ProjectRoot>
		<SourceFilesRoot>../../.cache/Windows</SourceFilesRoot>
		<SoundBanksRoot>.</SoundBanksRoot>
		<ExternalSourcesInputFile></ExternalSourcesInputFile>
		<ExternalSourcesOutputRoot>.</ExternalSourcesOutputRoot>
	</RootPaths>
	<DialogueEvents/>
	<SoundBanks>
		<SoundBank Id="1355168291" Type="User" Language="SFX" Hash="{F52037BB-8670-F240-3E79-CE0DA48055E2}">
			<ShortName>Init</ShortName>
			<Path>Init.bnk</Path>
			<Plugins>
				<AudioDevices>
					<Plugin Id="2317455096" Name="No_Output" LibName="No Output" LibId="11862023"/>
					<Plugin Id="3859886410" Name="System" LibName="System" LibId="11403271"/>
				</AudioDevices>
			</Plugins>
			<Busses>
				<Bus Id="3803692087" Name="Master Audio Bus"/>
			</Busses>
			<SwitchGroups>
				<SwitchGroup Id="3991942870" Name="music">
					<Switches>
						<Switch Id="311764537" Name="Day"/>
						<Switch Id="782826392" Name="Default"/>
						<Switch Id="1011622525" Name="night"/>
					</Switches>
				</SwitchGroup>
			</SwitchGroups>
			<AcousticTextures>
				<AcousticTexture Id="504532776" Name="Brick">
					<Properties>
						<Property Name="AbsorptionLow" Type="Real32" Value="12"/>
						<Property Name="AbsorptionMidLow" Type="Real32" Value="18"/>
						<Property Name="AbsorptionMidHigh" Type="Real32" Value="23"/>
						<Property Name="AbsorptionHigh" Type="Real32" Value="35"/>
					</Properties>
				</AcousticTexture>
				<AcousticTexture Id="513139656" Name="Mountain">
					<Properties>
						<Property Name="AbsorptionLow" Type="Real32" Value="0"/>
						<Property Name="AbsorptionMidLow" Type="Real32" Value="0"/>
						<Property Name="AbsorptionMidHigh" Type="Real32" Value="0"/>
						<Property Name="AbsorptionHigh" Type="Real32" Value="0"/>
					</Properties>
				</AcousticTexture>
				<AcousticTexture Id="841620460" Name="Concrete">
					<Properties>
						<Property Name="AbsorptionLow" Type="Real32" Value="6"/>
						<Property Name="AbsorptionMidLow" Type="Real32" Value="6"/>
						<Property Name="AbsorptionMidHigh" Type="Real32" Value="6"/>
						<Property Name="AbsorptionHigh" Type="Real32" Value="14"/>
					</Properties>
				</AcousticTexture>
				<AcousticTexture Id="1755085759" Name="Wood_Deep">
					<Properties>
						<Property Name="AbsorptionLow" Type="Real32" Value="1"/>
						<Property Name="AbsorptionMidLow" Type="Real32" Value="8"/>
						<Property Name="AbsorptionMidHigh" Type="Real32" Value="20"/>
						<Property Name="AbsorptionHigh" Type="Real32" Value="35"/>
					</Properties>
				</AcousticTexture>
				<AcousticTexture Id="1873957695" Name="Anechoic">
					<Properties>
						<Property Name="AbsorptionLow" Type="Real32" Value="100"/>
						<Property Name="AbsorptionMidLow" Type="Real32" Value="100"/>
						<Property Name="AbsorptionMidHigh" Type="Real32" Value="100"/>
						<Property Name="AbsorptionHigh" Type="Real32" Value="100"/>
					</Properties>
				</AcousticTexture>
				<AcousticTexture Id="1970351858" Name="Fabric">
					<Properties>
						<Property Name="AbsorptionLow" Type="Real32" Value="3"/>
						<Property Name="AbsorptionMidLow" Type="Real32" Value="13"/>
						<Property Name="AbsorptionMidHigh" Type="Real32" Value="48"/>
						<Property Name="AbsorptionHigh" Type="Real32" Value="72"/>
					</Properties>
				</AcousticTexture>
				<AcousticTexture Id="2058049674" Name="Wood">
					<Properties>
						<Property Name="AbsorptionLow" Type="Real32" Value="32"/>
						<Property Name="AbsorptionMidLow" Type="Real32" Value="25"/>
						<Property Name="AbsorptionMidHigh" Type="Real32" Value="20"/>
						<Property Name="AbsorptionHigh" Type="Real32" Value="35"/>
					</Properties>
				</AcousticTexture>
				<AcousticTexture Id="2412606308" Name="Carpet">
					<Properties>
						<Property Name="AbsorptionLow" Type="Real32" Value="46"/>
						<Property Name="AbsorptionMidLow" Type="Real32" Value="45"/>
						<Property Name="AbsorptionMidHigh" Type="Real32" Value="76"/>
						<Property Name="AbsorptionHigh" Type="Real32" Value="100"/>
					</Properties>
				</AcousticTexture>
				<AcousticTexture Id="2637588553" Name="Tile">
					<Properties>
						<Property Name="AbsorptionLow" Type="Real32" Value="67"/>
						<Property Name="AbsorptionMidLow" Type="Real32" Value="41"/>
						<Property Name="AbsorptionMidHigh" Type="Real32" Value="12"/>
						<Property Name="AbsorptionHigh" Type="Real32" Value="0"/>
					</Properties>
				</AcousticTexture>
				<AcousticTexture Id="2928161104" Name="Curtains">
					<Properties>
						<Property Name="AbsorptionLow" Type="Real32" Value="7"/>
						<Property Name="AbsorptionMidLow" Type="Real32" Value="60"/>
						<Property Name="AbsorptionMidHigh" Type="Real32" Value="0"/>
						<Property Name="AbsorptionHigh" Type="Real32" Value="84"/>
					</Properties>
				</AcousticTexture>
				<AcousticTexture Id="3195498748" Name="Cork_Tiles">
					<Properties>
						<Property Name="AbsorptionLow" Type="Real32" Value="14"/>
						<Property Name="AbsorptionMidLow" Type="Real32" Value="30"/>
						<Property Name="AbsorptionMidHigh" Type="Real32" Value="73"/>
						<Property Name="AbsorptionHigh" Type="Real32" Value="100"/>
					</Properties>
				</AcousticTexture>
				<AcousticTexture Id="3670307564" Name="Drywall">
					<Properties>
						<Property Name="AbsorptionLow" Type="Real32" Value="2"/>
						<Property Name="AbsorptionMidLow" Type="Real32" Value="2"/>
						<Property Name="AbsorptionMidHigh" Type="Real32" Value="2"/>
						<Property Name="AbsorptionHigh" Type="Real32" Value="2"/>
					</Properties>
				</AcousticTexture>
				<AcousticTexture Id="4168643977" Name="Acoustic_Banner">
					<Properties>
						<Property Name="AbsorptionLow" Type="Real32" Value="37"/>
						<Property Name="AbsorptionMidLow" Type="Real32" Value="100"/>
						<Property Name="AbsorptionMidHigh" Type="Real32" Value="100"/>
						<Property Name="AbsorptionHigh" Type="Real32" Value="100"/>
					</Properties>
				</AcousticTexture>
				<AcousticTexture Id="4262522749" Name="Wood_Bright">
					<Properties>
						<Property Name="AbsorptionLow" Type="Real32" Value="32"/>
						<Property Name="AbsorptionMidLow" Type="Real32" Value="25"/>
						<Property Name="AbsorptionMidHigh" Type="Real32" Value="10"/>
						<Property Name="AbsorptionHigh" Type="Real32" Value="9"/>
					</Properties>
				</AcousticTexture>
			</AcousticTextures>
		</SoundBank>
		<SoundBank Id="3161908922" Type="User" Language="SFX" Hash="{011221BE-D61F-0023-397F-E71DC690ED8F}">
			<ShortName>Main</ShortName>
			<Path>Main.bnk</Path>
			<Media>
				<File Id="75577207" Language="SFX" Streaming="false" Location="Memory">
					<ShortName>MUS_Etc.wav</ShortName>
					<CachePath>SFX/MUS_Etc_D79FB2B7.wem</CachePath>
				</File>
				<File Id="208197436" Language="SFX" Streaming="false" Location="Memory">
					<ShortName>ESM_Massive_Mech_Power_Up_1_Hybrid_Mobile_Collect_Special_Power_Up_Buff.wav</ShortName>
					<CachePath>SFX/ESM_Massive_Mech_Power_Up_1_Hybrid_Mobile_Collect_Special_Power_Up_Buff_6B482182.wem</CachePath>
				</File>
				<File Id="425547343" Language="SFX" Streaming="false" Location="Memory">
					<ShortName>FF_JO_foley_metal_crank_halfturna.wav</ShortName>
					<CachePath>SFX/FF_JO_foley_metal_crank_halfturna_10C4C929.wem</CachePath>
				</File>
				<File Id="504254709" Language="SFX" Streaming="false" Location="Memory">
					<ShortName>ESM_Explainer_Video_One_Shot_Positive_Notification_Alert_Texting_UI_Message_Sent_1_Award.wav</ShortName>
					<CachePath>SFX/ESM_Explainer_Video_One_Shot_Positive_Notification_Alert_Texting_UI_Message_Sent_1_Award_10C4C929.wem</CachePath>
				</File>
				<File Id="577482382" Language="SFX" Streaming="false" Location="Memory">
					<ShortName>SFX_Flashing.wav</ShortName>
					<CachePath>SFX/SFX_Flashing_BEB4588F.wem</CachePath>
				</File>
				<File Id="685244288" Language="SFX" Streaming="false" Location="Memory">
					<ShortName>DataTextTyping_BWU.447.wav</ShortName>
					<CachePath>SFX/DataTextTyping_BWU.447_014E4A07.wem</CachePath>
				</File>
				<File Id="862821521" Language="SFX" Streaming="false" Location="Memory">
					<ShortName>CameraShutter_SFXB.4034.wav</ShortName>
					<CachePath>SFX/CameraShutter_SFXB.4034_10C4C929.wem</CachePath>
				</File>
				<File Id="941962014" Language="SFX" Streaming="false" Location="Memory">
					<ShortName>BookPaperback_S08FO.177.wav</ShortName>
					<CachePath>SFX/BookPaperback_S08FO.177_10C4C929.wem</CachePath>
				</File>
				<File Id="1007763954" Language="SFX" Streaming="false" Location="Memory">
					<ShortName>ESM_Battle_Game_Foley_Consume_Banana_Use_1_Fruit_Health_Wet_Slime_Goo_One_Shot.wav</ShortName>
					<CachePath>SFX/ESM_Battle_Game_Foley_Consume_Banana_Use_1_Fruit_Health_Wet_Slime_Goo_One_Shot_10C4C929.wem</CachePath>
				</File>
				<File Id="1034740535" Language="SFX" Streaming="false" Location="Memory">
					<ShortName>ESM_Star_Burst_1_Sound_FX_Arcade_Casino_Kids_Mobile_App.wav</ShortName>
					<CachePath>SFX/ESM_Star_Burst_1_Sound_FX_Arcade_Casino_Kids_Mobile_App_10C4C929.wem</CachePath>
				</File>
				<File Id="1055554780" Language="SFX" Streaming="false" Location="Memory">
					<ShortName>ESM_Ancient_Game_Crystal_Item_Aquire_Action_Hit_Tap_Impact_Airy_Magic_.wav</ShortName>
					<CachePath>SFX/ESM_Ancient_Game_Crystal_Item_Aquire_Action_Hit_Tap_Impact_Airy_Magic__10C4C929.wem</CachePath>
				</File>
				<File Id="1066179899" Language="SFX" Streaming="false" Location="Memory">
					<ShortName>BRS_Camera_D50_Focus_Beep_2.wav</ShortName>
					<CachePath>SFX/BRS_Camera_D50_Focus_Beep_2_10C4C929.wem</CachePath>
				</File>
			</Media>
			<Events>
				<Event Id="2953019946" Name="Barrier" DurationType="OneShot" DurationMin="0.96180546" DurationMax="0.96180546">
					<MediaRefs>
						<MediaRef Id="208197436"/>
					</MediaRefs>
				</Event>
				<Event Id="1222624712" Name="Item" DurationType="OneShot" DurationMin="0.81446713" DurationMax="0.81446713">
					<MediaRefs>
						<MediaRef Id="1034740535"/>
					</MediaRefs>
				</Event>
				<Event Id="1969559964" Name="PlayMUS" DurationType="Infinite">
					<MediaRefs>
						<MediaRef Id="75577207"/>
					</MediaRefs>
				</Event>
				<Event Id="119314287" Name="PLY_Flashing" DurationType="OneShot" DurationMin="0.5546753" DurationMax="0.5546753">
					<MediaRefs>
						<MediaRef Id="577482382"/>
					</MediaRefs>
				</Event>
				<Event Id="45699584" Name="SFX_Box" DurationType="OneShot" DurationMin="2.25" DurationMax="2.25">
					<MediaRefs>
						<MediaRef Id="1055554780"/>
					</MediaRefs>
				</Event>
				<Event Id="3803999823" Name="Slime" DurationType="OneShot" DurationMin="0.51564586" DurationMax="0.51564586">
					<MediaRefs>
						<MediaRef Id="1007763954"/>
					</MediaRefs>
				</Event>
				<Event Id="3254962040" Name="Trap" DurationType="OneShot" DurationMin="0.9990249" DurationMax="0.9990249">
					<MediaRefs>
						<MediaRef Id="425547343"/>
					</MediaRefs>
				</Event>
				<Event Id="3876674778" Name="TUO_Letter" DurationType="OneShot" DurationMin="0.6666667" DurationMax="0.6666667">
					<MediaRefs>
						<MediaRef Id="941962014"/>
					</MediaRefs>
				</Event>
				<Event Id="2967469105" Name="UI_Arrow" DurationType="OneShot" DurationMin="0.83341664" DurationMax="0.83341664">
					<MediaRefs>
						<MediaRef Id="504254709"/>
					</MediaRefs>
				</Event>
				<Event Id="2505162442" Name="UI_Button" DurationType="OneShot" DurationMin="0.27733332" DurationMax="0.27733332">
					<MediaRefs>
						<MediaRef Id="862821521"/>
					</MediaRefs>
				</Event>
				<Event Id="2529527178" Name="UI_Notice" DurationType="OneShot" DurationMin="0.4643991" DurationMax="0.4643991">
					<MediaRefs>
						<MediaRef Id="1066179899"/>
					</MediaRefs>
				</Event>
				<Event Id="3469071695" Name="UI_Text" DurationType="OneShot" DurationMin="0.34729785" DurationMax="0.34729785">
					<MediaRefs>
						<MediaRef Id="685244288"/>
					</MediaRefs>
				</Event>
			</Events>
		</SoundBank>
	</SoundBanks>
	<FileHash>{3D760F1E-4436-C47D-044E-917C8600FC2C}</FileHash>
</SoundBanksInfo>
