<?xml version="1.0" encoding="utf-8"?>
<ProjectInfo>
	<Project Name="Jam_W1Sound" GUID="{AD8169D5-E7C9-45A3-88B3-50602A8C9351}" Generator="2022.1.1.8100"/>
	<CacheRoot>../../../../WwiseProjects/Jam_W1Sound/.cache</CacheRoot>
	<Platforms>
		<Platform Name="Windows" GUID="{AB856E24-965A-43BF-8710-FF00F83C1AB5}" BasePlatform="Windows" BasePlatformGUID="{6E0CB257-C6C8-4C5C-8366-2740DFC441EB}" Path="../../../../WwiseProjects/Jam_W1Sound/GeneratedSoundBanks/Windows"/>
	</Platforms>
	<Languages>
		<Language Name="English(US)" Id="684519430" GUID="{B78EE06A-2E99-403A-A4EC-DBE8FEBD18A2}" Default="true" UseAsStandIn="true"/>
	</Languages>
	<FileHash>{16F74B80-CF60-922B-2256-0232EE60B795}</FileHash>
</ProjectInfo>
